[
  {
    "kernel": [
      "rbf"
    ],
    "gamma": [
      1e-2,
      1e-3,
      1e-4,
      1e-5
    ],
    "C": [
      0.001,
      0.10,
      0.1,
      10,
      25,
      50,
      100,
      1000
    ]
  },
  {
    "kernel": [
      "sigmoid"
    ],
    "gamma": [
      1e-2,
      1e-3,
      1e-4,
      1e-5
    ],
    "C": [
      0.001,
      0.10,
      0.1,
      10,
      25,
      50,
      100,
      1000
    ]
  },
  {
    "kernel": [
      "linear"
    ],
    "C": [
      0.001,
      0.10,
      0.1,
      10,
      25,
      50,
      100,
      1000
    ]
  }
]
